{
  "matrix": [
    [
      0.38087023620173294,
      -0.009626283185499872,
      129.30000305175776
    ],
    [
      0.06291145123563001,
      -0.39249213310613035,
      1119.0000000000002
    ],
    [
      5.6221136046139275e-05,
      -2.6732249437209637e-05,
      1.0
    ]
  ],
  "pixel_points": [
    [
      0.0,
      0.0
    ],
    [
      640.0,
      0.0
    ],
    [
      640.0,
      480.0
    ],
    [
      0.0,
      480.0
    ]
  ],
  "world_points": [
    [
      129.3000030517578,
      1119.0
    ],
    [
      360.1000061035156,
      1119.0
    ],
    [
      360.1000061035156,
      948.9000244140625
    ],
    [
      126.30000305175781,
      942.7000122070312
    ]
  ],
  "reprojection_error": 0.0
}