{
  "matrix": [
    [
      0.3593750000000001,
      0.0,
      135.99999999999991
    ],
    [
      0.0,
      0.3604166666666666,
      933.0000000000001
    ],
    [
      0.0,
      0.0,
      1.0
    ]
  ],
  "pixel_points": [
    [
      0.0,
      0.0
    ],
    [
      640.0,
      0.0
    ],
    [
      640.0,
      480.0
    ],
    [
      0.0,
      480.0
    ]
  ],
  "world_points": [
    [
      136.0,
      933.0
    ],
    [
      366.0,
      933.0
    ],
    [
      366.0,
      1106.0
    ],
    [
      136.0,
      1106.0
    ]
  ],
  "reprojection_error": 0.0
}