{
  "matrix": [
    [
      0.3134796238244515,
      9.36897067194225e-17,
      173.99999999999991
    ],
    [
      0.0,
      -0.2742616033755274,
      -972.0
    ],
    [
      0.0,
      0.0,
      1.0
    ]
  ],
  "pixel_points": [
    [
      0.0,
      0.0
    ],
    [
      638.0,
      0.0
    ],
    [
      638.0,
      474.0
    ],
    [
      0.0,
      474.0
    ]
  ],
  "world_points": [
    [
      174.0,
      -972.0
    ],
    [
      374.0,
      -972.0
    ],
    [
      374.0,
      -1102.0
    ],
    [
      174.0,
      -1102.0
    ]
  ],
  "reprojection_error": 0.0
}